{"$schema":"http://schema.management.azure.com/schemas/2015-01-01/deploymentTemplate.json#","contentVersion":"1.0.0.0","parameters":{"main":{"type":"string"}},"variables":{},"resources":[{"name":"pl_transform_data_fl","type":"pipelines","apiVersion":"2018-06-01","properties":{"activities":[{"name":"df_transform_md_silver","type":"RefreshDataflow","dependsOn":[],"policy":{"timeout":"0.12:00:00","retry":0,"retryIntervalInSeconds":30,"secureOutput":false,"secureInput":false},"typeProperties":{"dataflowId":"5ca1fe46-c697-46e6-acb0-95bfea1d41f8","workspaceId":"29b4ee29-00d3-4a8c-833d-5e5f070916e1","notifyOption":"NoNotification","dataflowType":"DataflowFabric"}},{"name":"lookup distinct values","type":"Lookup","dependsOn":[{"activity":"df_transform_md_silver","dependencyConditions":["Succeeded"]}],"policy":{"timeout":"0.12:00:00","retry":0,"retryIntervalInSeconds":30,"secureOutput":false,"secureInput":false},"typeProperties":{"source":{"type":"LakehouseTableSource"},"firstRowOnly":false,"datasetSettings":{"annotations":[],"linkedService":{"name":"main","properties":{"annotations":[],"type":"Lakehouse","typeProperties":{"workspaceId":"29b4ee29-00d3-4a8c-833d-5e5f070916e1","artifactId":"[parameters('main')]","rootFolder":"Tables"}}},"type":"LakehouseTable","schema":[],"typeProperties":{"table":"meta_data_silver_distinct"}}}},{"name":"ForEach1","type":"ForEach","dependsOn":[{"activity":"lookup distinct values","dependencyConditions":["Succeeded"]}],"typeProperties":{"items":{"value":"@activity('lookup distinct values').output.value","type":"Expression"},"isSequential":false,"batchCount":4,"activities":[{"name":"cleaning","type":"TridentNotebook","state":"Inactive","onInactiveMarkAs":"Succeeded","dependsOn":[{"activity":"profiling","dependencyConditions":["Succeeded"]}],"policy":{"timeout":"0.12:00:00","retry":0,"retryIntervalInSeconds":30,"secureOutput":false,"secureInput":false},"typeProperties":{"notebookId":"c1ecbb00-671a-46f6-959d-0e10b982ffc8","workspaceId":"29b4ee29-00d3-4a8c-833d-5e5f070916e1","parameters":{"table_name":{"value":{"value":"@item().source_table","type":"Expression"},"type":"string"}}}},{"name":"log_sla_metrics","type":"TridentNotebook","state":"Inactive","onInactiveMarkAs":"Succeeded","dependsOn":[{"activity":"cleaning","dependencyConditions":["Succeeded"]}],"policy":{"timeout":"0.12:00:00","retry":0,"retryIntervalInSeconds":30,"secureOutput":false,"secureInput":false},"typeProperties":{"notebookId":"6a2881db-b6f1-40fd-bf55-17dc781ea4a8","workspaceId":"29b4ee29-00d3-4a8c-833d-5e5f070916e1","parameters":{"run_id":{"value":{"value":"@pipeline().RunId","type":"Expression"},"type":"string"},"pipeline_name":{"value":"transform_pipeline","type":"string"},"table_name":{"value":{"value":"@item().source_table","type":"Expression"},"type":"string"},"source_snapshot":{"value":{"value":"@formatDateTime(utcNow(), 'yyyy-MM-dd')","type":"Expression"},"type":"string"},"rows_in":{"value":{"value":"@json(activity('cleaning').output.result.exitValue).rows_in","type":"Expression"},"type":"int"},"rows_out":{"value":{"value":"@json(activity('cleaning').output.result.exitValue).rows_out","type":"Expression"},"type":"int"},"status":{"value":{"value":"@json(activity('cleaning').output.result.exitValue).status","type":"Expression"},"type":"string"}}}},{"name":"profiling","type":"TridentNotebook","dependsOn":[],"policy":{"timeout":"0.12:00:00","retry":0,"retryIntervalInSeconds":30,"secureOutput":false,"secureInput":false},"typeProperties":{"notebookId":"1a704a60-fd93-4dca-82c4-be14aae91f7e","workspaceId":"29b4ee29-00d3-4a8c-833d-5e5f070916e1","parameters":{"table_name":{"value":{"value":"@item().source_table","type":"Expression"},"type":"string"},"run_id":{"value":{"value":"@pipeline().RunId","type":"Expression"},"type":"string"},"stage":{"value":"lh_bronze","type":"string"}}}},{"name":"profiling 2","type":"TridentNotebook","dependsOn":[{"activity":"log_sla_metrics","dependencyConditions":["Succeeded"]}],"policy":{"timeout":"0.12:00:00","retry":0,"retryIntervalInSeconds":30,"secureOutput":false,"secureInput":false},"typeProperties":{"notebookId":"1a704a60-fd93-4dca-82c4-be14aae91f7e","workspaceId":"29b4ee29-00d3-4a8c-833d-5e5f070916e1","parameters":{"table_name":{"value":{"value":"@item().source_table","type":"Expression"},"type":"string"},"run_id":{"value":{"value":"@pipeline().RunId","type":"Expression"},"type":"string"},"stage":{"value":"lh_silver","type":"string"}}}}]}}],"lastModifiedByObjectId":"5bdc7fe2-bb4a-485a-8c6b-1d5d13980228","lastPublishTime":"2025-07-27T12:00:05Z"},"dependsOn":[]}]}