{"$schema":"http://schema.management.azure.com/schemas/2015-01-01/deploymentTemplate.json#","contentVersion":"1.0.0.0","parameters":{"FabricConnection_jsyc abdelrhman.eldesoky":{"type":"string"},"AWS_Postgres_SteamDB abdelrhman.eldesoky":{"type":"string"},"lh_bronze":{"type":"string"},"main":{"type":"string"}},"variables":{},"resources":[{"name":"pl_full_pipeline","type":"pipelines","apiVersion":"2018-06-01","properties":{"activities":[{"name":"pl_ingest_data_fl","type":"InvokePipeline","dependsOn":[],"policy":{"timeout":"0.12:00:00","retry":0,"retryIntervalInSeconds":30,"secureOutput":false,"secureInput":false},"typeProperties":{"waitOnCompletion":true,"operationType":"InvokeFabricPipeline","pipelineId":"efdf2fc7-e6ba-4846-8d1f-0567af3f0c52","workspaceId":"29b4ee29-00d3-4a8c-833d-5e5f070916e1","parameters":{}},"externalReferences":{"connection":"[parameters('FabricConnection_jsyc abdelrhman.eldesoky')]"}},{"name":"pl_transform_data_fl","type":"InvokePipeline","dependsOn":[{"activity":"pl_ingest_data_fl","dependencyConditions":["Succeeded"]}],"policy":{"timeout":"0.12:00:00","retry":0,"retryIntervalInSeconds":30,"secureOutput":false,"secureInput":false},"typeProperties":{"waitOnCompletion":true,"operationType":"InvokeFabricPipeline","pipelineId":"253dbf69-5661-46a9-b7f2-6bae076d6d29","workspaceId":"29b4ee29-00d3-4a8c-833d-5e5f070916e1","parameters":{}},"externalReferences":{"connection":"[parameters('FabricConnection_jsyc abdelrhman.eldesoky')]"}},{"name":"pl_model_data_fl","type":"InvokePipeline","dependsOn":[{"activity":"pl_transform_data_fl","dependencyConditions":["Succeeded"]}],"policy":{"timeout":"0.12:00:00","retry":0,"retryIntervalInSeconds":30,"secureOutput":false,"secureInput":false},"typeProperties":{"waitOnCompletion":true,"operationType":"InvokeFabricPipeline","pipelineId":"38f7be02-2c81-4dc1-8e8e-9c2fd6d793b1","workspaceId":"29b4ee29-00d3-4a8c-833d-5e5f070916e1","parameters":{}},"externalReferences":{"connection":"[parameters('FabricConnection_jsyc abdelrhman.eldesoky')]"}}],"lastModifiedByObjectId":"5bdc7fe2-bb4a-485a-8c6b-1d5d13980228","lastPublishTime":"2025-07-24T11:24:47Z"},"dependsOn":[]},{"name":"pl_ingest_data_fl","type":"pipelines","apiVersion":"2018-06-01","properties":{"activities":[{"name":"ingest using meta data","type":"ForEach","dependsOn":[{"activity":"lookup metadata","dependencyConditions":["Succeeded"]}],"typeProperties":{"items":{"value":"@activity('lookup metadata').output.value","type":"Expression"},"isSequential":false,"batchCount":4,"activities":[{"name":"src_type","type":"Switch","dependsOn":[],"typeProperties":{"on":{"value":"@item().src_type","type":"Expression"},"cases":[{"value":"sql","activities":[{"name":"sql to paruet","type":"Copy","dependsOn":[],"policy":{"timeout":"0.12:00:00","retry":0,"retryIntervalInSeconds":30,"secureOutput":false,"secureInput":false},"typeProperties":{"source":{"type":"PostgreSqlSource","query":{"value":"@concat('select * FROM public.', item().source_table) ","type":"Expression"},"queryTimeout":"02:00:00","datasetSettings":{"annotations":[],"type":"PostgreSqlTable","schema":[],"typeProperties":{},"externalReferences":{"connection":"[parameters('AWS_Postgres_SteamDB abdelrhman.eldesoky')]"}}},"sink":{"type":"ParquetSink","storeSettings":{"type":"LakehouseWriteSettings"},"formatSettings":{"type":"ParquetWriteSettings","enableVertiParquet":true},"datasetSettings":{"annotations":[],"linkedService":{"name":"lh_bronze","properties":{"annotations":[],"type":"Lakehouse","typeProperties":{"workspaceId":"29b4ee29-00d3-4a8c-833d-5e5f070916e1","artifactId":"[parameters('lh_bronze')]","rootFolder":"Files"}}},"type":"Parquet","typeProperties":{"location":{"type":"LakehouseLocation","fileName":{"value":"@item().target_table","type":"Expression"},"folderPath":"raw"},"compressionCodec":"snappy"},"schema":[]}},"enableStaging":false,"translator":{"type":"TabularTranslator","typeConversion":true,"typeConversionSettings":{"allowDataTruncation":true,"treatBooleanAsNumber":false}}}},{"name":"paquet to table","type":"TridentNotebook","dependsOn":[{"activity":"sql to paruet","dependencyConditions":["Succeeded"]}],"policy":{"timeout":"0.12:00:00","retry":0,"retryIntervalInSeconds":30,"secureOutput":false,"secureInput":false},"typeProperties":{"notebookId":"e6a1791d-8e6b-45ef-8cae-07224c8085c8","workspaceId":"29b4ee29-00d3-4a8c-833d-5e5f070916e1","parameters":{"file_path":{"value":{"value":"@concat('Files/raw/', item().target_table)","type":"Expression"},"type":"string"},"table_name":{"value":{"value":"@item().target_table","type":"Expression"},"type":"string"}}}},{"name":"log_sla_metrics","type":"TridentNotebook","dependsOn":[{"activity":"paquet to table","dependencyConditions":["Succeeded"]}],"policy":{"timeout":"0.12:00:00","retry":0,"retryIntervalInSeconds":30,"secureOutput":false,"secureInput":false},"typeProperties":{"notebookId":"6a2881db-b6f1-40fd-bf55-17dc781ea4a8","workspaceId":"29b4ee29-00d3-4a8c-833d-5e5f070916e1","parameters":{"run_id":{"value":{"value":"@pipeline().RunId","type":"Expression"},"type":"string"},"pipeline_name":{"value":"Ingest_pipeline","type":"string"},"table_name":{"value":{"value":"@item().target_table","type":"Expression"},"type":"string"},"source_snapshot":{"value":{"value":"@formatDateTime(utcNow(), 'yyyy-MM-dd')","type":"Expression"},"type":"string"},"rows_in":{"value":{"value":"@json(activity('paquet to table').output.result.exitValue).rows_in","type":"Expression"},"type":"int"},"rows_out":{"value":{"value":"@json(activity('paquet to table').output.result.exitValue).rows_out","type":"Expression"},"type":"int"},"status":{"value":{"value":"@json(activity('paquet to table').output.result.exitValue).status","type":"Expression"},"type":"string"}}}}]}],"defaultActivities":[{"name":"Wait","type":"Wait","dependsOn":[],"typeProperties":{"waitTimeInSeconds":1}}]}}]}},{"name":"lookup metadata","type":"Lookup","dependsOn":[],"policy":{"timeout":"0.12:00:00","retry":0,"retryIntervalInSeconds":30,"secureOutput":false,"secureInput":false},"typeProperties":{"source":{"type":"LakehouseTableSource"},"firstRowOnly":false,"datasetSettings":{"annotations":[],"linkedService":{"name":"main","properties":{"annotations":[],"type":"Lakehouse","typeProperties":{"workspaceId":"29b4ee29-00d3-4a8c-833d-5e5f070916e1","artifactId":"[parameters('main')]","rootFolder":"Tables"}}},"type":"LakehouseTable","schema":[],"typeProperties":{"table":"meta_data_bronze"}}}}],"lastModifiedByObjectId":"5bdc7fe2-bb4a-485a-8c6b-1d5d13980228","lastPublishTime":"2025-07-27T09:22:18Z"},"dependsOn":[]},{"name":"pl_transform_data_fl","type":"pipelines","apiVersion":"2018-06-01","properties":{"activities":[{"name":"df_transform_md_silver","type":"RefreshDataflow","dependsOn":[],"policy":{"timeout":"0.12:00:00","retry":0,"retryIntervalInSeconds":30,"secureOutput":false,"secureInput":false},"typeProperties":{"dataflowId":"5ca1fe46-c697-46e6-acb0-95bfea1d41f8","workspaceId":"29b4ee29-00d3-4a8c-833d-5e5f070916e1","notifyOption":"NoNotification","dataflowType":"DataflowFabric"}},{"name":"lookup distinct values","type":"Lookup","dependsOn":[{"activity":"df_transform_md_silver","dependencyConditions":["Succeeded"]}],"policy":{"timeout":"0.12:00:00","retry":0,"retryIntervalInSeconds":30,"secureOutput":false,"secureInput":false},"typeProperties":{"source":{"type":"LakehouseTableSource"},"firstRowOnly":false,"datasetSettings":{"annotations":[],"linkedService":{"name":"main","properties":{"annotations":[],"type":"Lakehouse","typeProperties":{"workspaceId":"29b4ee29-00d3-4a8c-833d-5e5f070916e1","artifactId":"[parameters('main')]","rootFolder":"Tables"}}},"type":"LakehouseTable","schema":[],"typeProperties":{"table":"meta_data_silver_distinct"}}}},{"name":"ForEach1","type":"ForEach","dependsOn":[{"activity":"lookup distinct values","dependencyConditions":["Succeeded"]}],"typeProperties":{"items":{"value":"@activity('lookup distinct values').output.value","type":"Expression"},"isSequential":false,"batchCount":4,"activities":[{"name":"cleaning","type":"TridentNotebook","state":"Inactive","onInactiveMarkAs":"Succeeded","dependsOn":[{"activity":"profiling","dependencyConditions":["Succeeded"]}],"policy":{"timeout":"0.12:00:00","retry":0,"retryIntervalInSeconds":30,"secureOutput":false,"secureInput":false},"typeProperties":{"notebookId":"c1ecbb00-671a-46f6-959d-0e10b982ffc8","workspaceId":"29b4ee29-00d3-4a8c-833d-5e5f070916e1","parameters":{"table_name":{"value":{"value":"@item().source_table","type":"Expression"},"type":"string"}}}},{"name":"log_sla_metrics","type":"TridentNotebook","state":"Inactive","onInactiveMarkAs":"Succeeded","dependsOn":[{"activity":"cleaning","dependencyConditions":["Succeeded"]}],"policy":{"timeout":"0.12:00:00","retry":0,"retryIntervalInSeconds":30,"secureOutput":false,"secureInput":false},"typeProperties":{"notebookId":"6a2881db-b6f1-40fd-bf55-17dc781ea4a8","workspaceId":"29b4ee29-00d3-4a8c-833d-5e5f070916e1","parameters":{"run_id":{"value":{"value":"@pipeline().RunId","type":"Expression"},"type":"string"},"pipeline_name":{"value":"transform_pipeline","type":"string"},"table_name":{"value":{"value":"@item().source_table","type":"Expression"},"type":"string"},"source_snapshot":{"value":{"value":"@formatDateTime(utcNow(), 'yyyy-MM-dd')","type":"Expression"},"type":"string"},"rows_in":{"value":{"value":"@json(activity('cleaning').output.result.exitValue).rows_in","type":"Expression"},"type":"int"},"rows_out":{"value":{"value":"@json(activity('cleaning').output.result.exitValue).rows_out","type":"Expression"},"type":"int"},"status":{"value":{"value":"@json(activity('cleaning').output.result.exitValue).status","type":"Expression"},"type":"string"}}}},{"name":"profiling","type":"TridentNotebook","dependsOn":[],"policy":{"timeout":"0.12:00:00","retry":0,"retryIntervalInSeconds":30,"secureOutput":false,"secureInput":false},"typeProperties":{"notebookId":"1a704a60-fd93-4dca-82c4-be14aae91f7e","workspaceId":"29b4ee29-00d3-4a8c-833d-5e5f070916e1","parameters":{"table_name":{"value":{"value":"@item().source_table","type":"Expression"},"type":"string"},"run_id":{"value":{"value":"@pipeline().RunId","type":"Expression"},"type":"string"},"stage":{"value":"lh_bronze","type":"string"}}}},{"name":"profiling 2","type":"TridentNotebook","dependsOn":[{"activity":"log_sla_metrics","dependencyConditions":["Succeeded"]}],"policy":{"timeout":"0.12:00:00","retry":0,"retryIntervalInSeconds":30,"secureOutput":false,"secureInput":false},"typeProperties":{"notebookId":"1a704a60-fd93-4dca-82c4-be14aae91f7e","workspaceId":"29b4ee29-00d3-4a8c-833d-5e5f070916e1","parameters":{"table_name":{"value":{"value":"@item().source_table","type":"Expression"},"type":"string"},"run_id":{"value":{"value":"@pipeline().RunId","type":"Expression"},"type":"string"},"stage":{"value":"lh_silver","type":"string"}}}}]}}],"lastModifiedByObjectId":"5bdc7fe2-bb4a-485a-8c6b-1d5d13980228","lastPublishTime":"2025-07-27T12:00:05Z"},"dependsOn":[]},{"name":"pl_jsyc_gold","type":"pipelines","apiVersion":"2018-06-01","properties":{"activities":[{"name":"customers","type":"TridentNotebook","dependsOn":[],"policy":{"timeout":"0.12:00:00","retry":0,"retryIntervalInSeconds":30,"secureOutput":false,"secureInput":false},"typeProperties":{"notebookId":"b12fed31-3eef-496c-83b3-566375a1a08c","workspaceId":"29b4ee29-00d3-4a8c-833d-5e5f070916e1"}},{"name":"games","type":"TridentNotebook","dependsOn":[{"activity":"customers","dependencyConditions":["Succeeded"]}],"policy":{"timeout":"0.12:00:00","retry":0,"retryIntervalInSeconds":30,"secureOutput":false,"secureInput":false},"typeProperties":{"notebookId":"7e35f182-cee5-4318-afff-0596d275de41","workspaceId":"29b4ee29-00d3-4a8c-833d-5e5f070916e1"}},{"name":"promotions","type":"TridentNotebook","dependsOn":[{"activity":"games","dependencyConditions":["Succeeded"]}],"policy":{"timeout":"0.12:00:00","retry":0,"retryIntervalInSeconds":30,"secureOutput":false,"secureInput":false},"typeProperties":{"notebookId":"4b02c7aa-d3dd-4171-bd08-395dd2383e52","workspaceId":"29b4ee29-00d3-4a8c-833d-5e5f070916e1"}},{"name":"date","type":"TridentNotebook","dependsOn":[{"activity":"promotions","dependencyConditions":["Succeeded"]}],"policy":{"timeout":"0.12:00:00","retry":0,"retryIntervalInSeconds":30,"secureOutput":false,"secureInput":false},"typeProperties":{"notebookId":"7aa3b59d-d8d3-4989-9e65-0174062f1b59","workspaceId":"29b4ee29-00d3-4a8c-833d-5e5f070916e1"}},{"name":"wishlists","type":"TridentNotebook","dependsOn":[{"activity":"date","dependencyConditions":["Succeeded"]}],"policy":{"timeout":"0.12:00:00","retry":0,"retryIntervalInSeconds":30,"secureOutput":false,"secureInput":false},"typeProperties":{"notebookId":"a73bb61a-2d29-4d9e-a04f-4ee064e40fc4","workspaceId":"29b4ee29-00d3-4a8c-833d-5e5f070916e1"}},{"name":"sales","type":"TridentNotebook","dependsOn":[{"activity":"wishlists","dependencyConditions":["Succeeded"]}],"policy":{"timeout":"0.12:00:00","retry":0,"retryIntervalInSeconds":30,"secureOutput":false,"secureInput":false},"typeProperties":{"notebookId":"5e808f90-89b2-49d1-9744-017c92aaf9a8","workspaceId":"29b4ee29-00d3-4a8c-833d-5e5f070916e1"}}],"lastModifiedByObjectId":"5bdc7fe2-bb4a-485a-8c6b-1d5d13980228","lastPublishTime":"2025-07-24T11:00:32Z"},"dependsOn":[]}]}