{"$schema":"http://schema.management.azure.com/schemas/2015-01-01/deploymentTemplate.json#","contentVersion":"1.0.0.0","parameters":{},"variables":{},"resources":[{"name":"pl_jsyc_gold","type":"pipelines","apiVersion":"2018-06-01","properties":{"activities":[{"name":"customers","type":"TridentNotebook","dependsOn":[],"policy":{"timeout":"0.12:00:00","retry":0,"retryIntervalInSeconds":30,"secureOutput":false,"secureInput":false},"typeProperties":{"notebookId":"b12fed31-3eef-496c-83b3-566375a1a08c","workspaceId":"29b4ee29-00d3-4a8c-833d-5e5f070916e1"}},{"name":"games","type":"TridentNotebook","dependsOn":[{"activity":"customers","dependencyConditions":["Succeeded"]}],"policy":{"timeout":"0.12:00:00","retry":0,"retryIntervalInSeconds":30,"secureOutput":false,"secureInput":false},"typeProperties":{"notebookId":"7e35f182-cee5-4318-afff-0596d275de41","workspaceId":"29b4ee29-00d3-4a8c-833d-5e5f070916e1"}},{"name":"promotions","type":"TridentNotebook","dependsOn":[{"activity":"games","dependencyConditions":["Succeeded"]}],"policy":{"timeout":"0.12:00:00","retry":0,"retryIntervalInSeconds":30,"secureOutput":false,"secureInput":false},"typeProperties":{"notebookId":"4b02c7aa-d3dd-4171-bd08-395dd2383e52","workspaceId":"29b4ee29-00d3-4a8c-833d-5e5f070916e1"}},{"name":"date","type":"TridentNotebook","dependsOn":[{"activity":"promotions","dependencyConditions":["Succeeded"]}],"policy":{"timeout":"0.12:00:00","retry":0,"retryIntervalInSeconds":30,"secureOutput":false,"secureInput":false},"typeProperties":{"notebookId":"7aa3b59d-d8d3-4989-9e65-0174062f1b59","workspaceId":"29b4ee29-00d3-4a8c-833d-5e5f070916e1"}},{"name":"wishlists","type":"TridentNotebook","dependsOn":[{"activity":"date","dependencyConditions":["Succeeded"]}],"policy":{"timeout":"0.12:00:00","retry":0,"retryIntervalInSeconds":30,"secureOutput":false,"secureInput":false},"typeProperties":{"notebookId":"a73bb61a-2d29-4d9e-a04f-4ee064e40fc4","workspaceId":"29b4ee29-00d3-4a8c-833d-5e5f070916e1"}},{"name":"sales","type":"TridentNotebook","dependsOn":[{"activity":"wishlists","dependencyConditions":["Succeeded"]}],"policy":{"timeout":"0.12:00:00","retry":0,"retryIntervalInSeconds":30,"secureOutput":false,"secureInput":false},"typeProperties":{"notebookId":"5e808f90-89b2-49d1-9744-017c92aaf9a8","workspaceId":"29b4ee29-00d3-4a8c-833d-5e5f070916e1"}}],"lastModifiedByObjectId":"5bdc7fe2-bb4a-485a-8c6b-1d5d13980228","lastPublishTime":"2025-07-24T11:00:32Z"},"dependsOn":[]}]}