{"$schema":"http://schema.management.azure.com/schemas/2015-01-01/deploymentTemplate.json#","contentVersion":"1.0.0.0","parameters":{"AWS_Postgres_SteamDB abdelrhman.eldesoky":{"type":"string"},"lh_bronze":{"type":"string"},"main":{"type":"string"}},"variables":{},"resources":[{"name":"pl_ingest_data_fl","type":"pipelines","apiVersion":"2018-06-01","properties":{"activities":[{"name":"ingest using meta data","type":"ForEach","dependsOn":[{"activity":"lookup metadata","dependencyConditions":["Succeeded"]}],"typeProperties":{"items":{"value":"@activity('lookup metadata').output.value","type":"Expression"},"isSequential":false,"batchCount":4,"activities":[{"name":"src_type","type":"Switch","dependsOn":[],"typeProperties":{"on":{"value":"@item().src_type","type":"Expression"},"cases":[{"value":"sql","activities":[{"name":"sql to paruet","type":"Copy","dependsOn":[],"policy":{"timeout":"0.12:00:00","retry":0,"retryIntervalInSeconds":30,"secureOutput":false,"secureInput":false},"typeProperties":{"source":{"type":"PostgreSqlSource","query":{"value":"@concat('select * FROM public.', item().source_table) ","type":"Expression"},"queryTimeout":"02:00:00","datasetSettings":{"annotations":[],"type":"PostgreSqlTable","schema":[],"typeProperties":{},"externalReferences":{"connection":"[parameters('AWS_Postgres_SteamDB abdelrhman.eldesoky')]"}}},"sink":{"type":"ParquetSink","storeSettings":{"type":"LakehouseWriteSettings"},"formatSettings":{"type":"ParquetWriteSettings","enableVertiParquet":true},"datasetSettings":{"annotations":[],"linkedService":{"name":"lh_bronze","properties":{"annotations":[],"type":"Lakehouse","typeProperties":{"workspaceId":"29b4ee29-00d3-4a8c-833d-5e5f070916e1","artifactId":"[parameters('lh_bronze')]","rootFolder":"Files"}}},"type":"Parquet","typeProperties":{"location":{"type":"LakehouseLocation","fileName":{"value":"@item().target_table","type":"Expression"},"folderPath":"raw"},"compressionCodec":"snappy"},"schema":[]}},"enableStaging":false,"translator":{"type":"TabularTranslator","typeConversion":true,"typeConversionSettings":{"allowDataTruncation":true,"treatBooleanAsNumber":false}}}},{"name":"paquet to table","type":"TridentNotebook","dependsOn":[{"activity":"sql to paruet","dependencyConditions":["Succeeded"]}],"policy":{"timeout":"0.12:00:00","retry":0,"retryIntervalInSeconds":30,"secureOutput":false,"secureInput":false},"typeProperties":{"notebookId":"e6a1791d-8e6b-45ef-8cae-07224c8085c8","workspaceId":"29b4ee29-00d3-4a8c-833d-5e5f070916e1","parameters":{"file_path":{"value":{"value":"@concat('Files/raw/', item().target_table)","type":"Expression"},"type":"string"},"table_name":{"value":{"value":"@item().target_table","type":"Expression"},"type":"string"}}}},{"name":"log_sla_metrics","type":"TridentNotebook","dependsOn":[{"activity":"paquet to table","dependencyConditions":["Succeeded"]}],"policy":{"timeout":"0.12:00:00","retry":0,"retryIntervalInSeconds":30,"secureOutput":false,"secureInput":false},"typeProperties":{"notebookId":"6a2881db-b6f1-40fd-bf55-17dc781ea4a8","workspaceId":"29b4ee29-00d3-4a8c-833d-5e5f070916e1","parameters":{"run_id":{"value":{"value":"@pipeline().RunId","type":"Expression"},"type":"string"},"pipeline_name":{"value":"Ingest_pipeline","type":"string"},"table_name":{"value":{"value":"@item().target_table","type":"Expression"},"type":"string"},"source_snapshot":{"value":{"value":"@formatDateTime(utcNow(), 'yyyy-MM-dd')","type":"Expression"},"type":"string"},"rows_in":{"value":{"value":"@json(activity('paquet to table').output.result.exitValue).rows_in","type":"Expression"},"type":"int"},"rows_out":{"value":{"value":"@json(activity('paquet to table').output.result.exitValue).rows_out","type":"Expression"},"type":"int"},"status":{"value":{"value":"@json(activity('paquet to table').output.result.exitValue).status","type":"Expression"},"type":"string"}}}}]}],"defaultActivities":[{"name":"Wait","type":"Wait","dependsOn":[],"typeProperties":{"waitTimeInSeconds":1}}]}}]}},{"name":"lookup metadata","type":"Lookup","dependsOn":[],"policy":{"timeout":"0.12:00:00","retry":0,"retryIntervalInSeconds":30,"secureOutput":false,"secureInput":false},"typeProperties":{"source":{"type":"LakehouseTableSource"},"firstRowOnly":false,"datasetSettings":{"annotations":[],"linkedService":{"name":"main","properties":{"annotations":[],"type":"Lakehouse","typeProperties":{"workspaceId":"29b4ee29-00d3-4a8c-833d-5e5f070916e1","artifactId":"[parameters('main')]","rootFolder":"Tables"}}},"type":"LakehouseTable","schema":[],"typeProperties":{"table":"meta_data_bronze"}}}}],"lastModifiedByObjectId":"5bdc7fe2-bb4a-485a-8c6b-1d5d13980228","lastPublishTime":"2025-07-27T09:22:18Z"},"dependsOn":[]}]}